first_name,last_name,email
Matthew,Watkins,mwatkins0@google.com.hk
Philip,Myers,pmyers1@qq.com
Sandra,Adams,sadams2@barnesandnoble.com
Justin,Mills,jmills3@prnewswire.com
Anne,Miller,amiller4@timesonline.co.uk
Helen,Miller,hmiller5@bloglovin.com
Martin,Evans,mevans6@twitter.com
Harry,Baker,hbaker7@canalblog.com
Bruce,Arnold,barnold8@51.la
Earl,Bowman,ebowman9@businessinsider.com
Janice,Cunningham,jcunninghama@buzzfeed.com
Ernest,Clark,eclarkb@huffingtonpost.com
Joseph,Armstrong,jarmstrongc@prlog.org
Melissa,Turner,mturnerd@pagesperso-orange.fr
Frances,Warren,fwarrene@bloomberg.com
Christina,Dunn,cdunnf@github.io
Jennifer,Castillo,jcastillog@ovh.net
Jennifer,Garcia,jgarciah@baidu.com
Robin,Edwards,redwardsi@alibaba.com
Robin,Franklin,rfranklinj@ifeng.com
Cheryl,Wells,cwellsk@abc.net.au
Janice,Mccoy,jmccoyl@wikipedia.org
Louis,Harris,lharrism@geocities.com
Irene,Perez,iperezn@si.edu
Kimberly,Jenkins,kjenkinso@mysql.com
Jonathan,Ford,jfordp@hao123.com
Betty,Lawson,blawsonq@cnet.com
Bobby,Gilbert,bgilbertr@mac.com
Jessica,Burton,jburtons@canalblog.com
Barbara,Austin,baustint@webs.com
Katherine,Reid,kreidu@mail.ru
Ronald,Watson,rwatsonv@creativecommons.org
Douglas,Stephens,dstephensw@ustream.tv
Kevin,Henderson,khendersonx@multiply.com
Judith,Reid,jreidy@networkadvertising.org
Eric,Crawford,ecrawfordz@odnoklassniki.ru
Henry,Fowler,hfowler10@desdev.cn
Elizabeth,Welch,ewelch11@youtu.be
Jimmy,Daniels,jdaniels12@ted.com
Raymond,Williams,rwilliams13@reddit.com
Deborah,Shaw,dshaw14@dailymail.co.uk
Richard,Wagner,rwagner15@e-recht24.de
Evelyn,Franklin,efranklin16@123-reg.co.uk
Brian,Hamilton,bhamilton17@hexun.com
Melissa,Turner,mturner18@yellowbook.com
Billy,Hanson,bhanson19@hud.gov
Emily,Black,eblack1a@state.tx.us
Joyce,Fowler,jfowler1b@addtoany.com
Gregory,Weaver,gweaver1c@google.ru
Robin,Griffin,rgriffin1d@xing.com
Shirley,Andrews,sandrews1e@seesaa.net
Deborah,Kim,dkim1f@earthlink.net
Dorothy,Hughes,dhughes1g@noaa.gov
Jimmy,Banks,jbanks1h@sohu.com
Norma,Howell,nhowell1i@statcounter.com
Anthony,Gardner,agardner1j@dailymail.co.uk
Ruby,Cook,rcook1k@wix.com
Sarah,Rice,srice1l@huffingtonpost.com
Marie,Webb,mwebb1m@cnbc.com
Jesse,Hanson,jhanson1n@independent.co.uk
Dorothy,Foster,dfoster1o@epa.gov
Frank,Andrews,fandrews1p@nih.gov
Ruby,Sanders,rsanders1q@diigo.com
Peter,Frazier,pfrazier1r@istockphoto.com
Sarah,Stephens,sstephens1s@imdb.com
Gary,Pierce,gpierce1t@sphinn.com
Alan,Lawson,alawson1u@cbc.ca
Roger,Daniels,rdaniels1v@archive.org
Marie,Cooper,mcooper1w@moonfruit.com
Tammy,Bryant,tbryant1x@intel.com
Phillip,Owens,powens1y@lycos.com
Jennifer,Barnes,jbarnes1z@myspace.com
William,Shaw,wshaw20@sogou.com
Kathryn,Montgomery,kmontgomery21@youku.com
Frank,Cruz,fcruz22@mtv.com
David,Woods,dwoods23@issuu.com
Jose,Gonzales,jgonzales24@wufoo.com
Clarence,Simmons,csimmons25@topsy.com
Melissa,Ross,mross26@live.com
Ernest,Kelly,ekelly27@hud.gov
Eric,Rose,erose28@usgs.gov
Denise,Gutierrez,dgutierrez29@4shared.com
Lisa,Howard,lhoward2a@mozilla.org
Kimberly,Hart,khart2b@tripadvisor.com
Ronald,Elliott,relliott2c@sciencedaily.com
Frank,Hernandez,fhernandez2d@about.com
Judy,Austin,jaustin2e@google.de
Jeffrey,Webb,jwebb2f@digg.com
Jerry,Mcdonald,jmcdonald2g@reuters.com
Shawn,Berry,sberry2h@auda.org.au
Timothy,Carr,tcarr2i@mlb.com
Kimberly,Lee,klee2j@paginegialle.it
Cynthia,Brown,cbrown2k@aboutads.info
Jessica,Morales,jmorales2l@webeden.co.uk
Jane,Frazier,jfrazier2m@biblegateway.com
Tammy,Hart,thart2n@friendfeed.com
Chris,Dunn,cdunn2o@cornell.edu
Dorothy,Barnes,dbarnes2p@marketwatch.com
Arthur,King,aking2q@smh.com.au
Jason,Ross,jross2r@desdev.cn
